GENDER_ORIG	SCHWA
M	Comunque, Pierpont disse che Skeer era lə pianificatorə della rapina.
M	Critchley era una figura impressionante e bellissima, unə oratorə superbə e unə eternə studente della mente umana.
M	La vita di Cujas fu nel complesso quella di unə studiosə e unə insegnante.
M	Al convegno nazionale del partito socialista del 1917, Spargo fu l'autorə di una risoluzione minoritaria nella commisione sulla guerra e il militarismo, definendo il supporto americano per lo sforzo bellico congiunto come l'alternativa meno onerosa che fronteggiava il movimento socialista.
M	Buesgen ha anche lavorato come professorə di piano, organo e voce ad Allentown, e ha lavorato come organista e maestrə di coro per diverse chiese.
M	Durante la seconda guerra mondiale, Altmeyer fu segretariə della War Manpower Commission.
M	Oggi il castello è adibito a museo, dedicato alla vita dell’autorə.
M	Etzioni è l'autorə di oltre 30 libri.
M	Varie fonti citano diverse motivazioni per le dimissioni dellə Segretariə Korth.
M	Mandzhukov è autorə di diversi libri dedicati ai moti rivoluzionari occorsi tra il 1895 e il 1903.
M	Stern è unə artista specializzatə in sculture di bronzo.
M	Una vita surrogata potrebbe essere molto simile a quella dell’autorə.
M	Quest'opera non poteva non attirare l'attenzione sullə suə autorə.
M	L'autorə descrive i conventi moderni come bordelli contamporanei d'alta classe.
M	Whittier fu introdottə alla poesia da unə suə insegnante.
M	Tornando a Singapore nel 1947, Zubir lavorò come fotografə part-time con il giornale Utusan Melayu mentre componeva ed eseguiva musica e canzoni.
M	Ury era appena arrivatə in città e lavorava come insegnante scolasticə e tutor privatə.
M	Lambton fu resə sottosegretariə parlamentare dello stato per la difesa (RAF) nel 1970.
M	Eiffe era anche magicamente attrattə dal movimento studentesco.
F	None
F	Come studente l'istruzione artistica di Liu aveva dei limiti severi; lo stile accademico e forzato che ə studenti erano obbligatə ad emulare era stato apprezzato da Liu in paint-by-numbers.
F	Consideratə unə autorə influente e unə intellettuale negli Stati Uniti, Friedan si è spesə in ambito politico e attivistico fino alla fine degli anni '90, e ha scritto sei libri.
F	Taglioni, pur essendo lə più dotatə tra ə due artistə, al momento non poté competere con il fascino dellə nuovə arrivatə.
F	Vissi è statə l'artista con il maggior numero di video nominati (13) e si è aggiudicatə la prima posizione della top 30 con Treno, mentre Agapi Ipervoliki si è attestatə in quarta piazza.
F	Golding studiò per diventare infermierə.
F	Festeggio la mia crescita come persona e come artista, e il non sentirmi più prigionierə delle mie insicurezze...
F	A completare l'atmosfera che circondava l'autorə c'era una piccola poltrona di vimini dall'ampio schienale, che sembrava tutto fuorché comoda, e alcuni volumi sparsi qua e là.
F	Kamaladevi era unə studente eccezionale, e sin da giovane si dimostrò molto determinatə e coraggiosə.
F	Mentre era vice-governatorə, Frahm è statə anche segretariə dell'amministrazione di Stato.
F	Steinbacher è autorə di diversi lavori sull'Olocausto, tra cui Musterstadt Auschwitz: Germanisierungspolitik Und Judenmord in Ostoberschlesien (2010) e Auschwitz: A History (2005).
F	Asp è anche unə abile ballerinə e possiede un eccellente controllo muscolare.
F	Anger, la cui poesia dedicata all'autorə appare alla fine del volume, era unə suə parente o coniuge.
F	Mengers è entratə nel business delle agenzie di talenti nel 1955, quando divenne receptionist per la MCA.
F	Sembra che sia stato il rapporto conflittuale tra Rowling e la stampa a ispirare l'autorə a sviluppare questo personaggio.
F	L'artista si serve di illusioni ottiche per ricomparire sanə e salvə.
F	Prima di entrare in politica, Oleson ha cresciuto tre figliə e ha lavorato come bibliotecariə prima per il municipio di Glenboro e poi per il liceo della medesima città.
F	Gonzalès fu l’unicə allievə ufficiale di Manet e ha anche fatto da modellə per diversə esponenti della scuola impressionista.
F	Quella di Speght è stata la prima di tre risposte al libello di Swetnam, e l'unica pubblicata con il vero nome dell'autorə.
F	Ayscough è statə docente di arte e letteratura cinese, e autorə di otto volumi riguardanti storia, cultura, critica letteraria e traduzione cinese.
F	Sebbene ancora debilitatə dall'operazione, Glaspell lavorò con Cook e altrə amicə alla creazione di una compagnia di teatro sperimentale, un collettivo creativo.
F	Dal 1997 Ogawa è passatə in modo esclusivo sotto la BIS Records.
F	Salonga è lə primə artista filippinə a firmare con una casa discografica internazionale (la Atlantic Records nel 1993).
F	Torsney fu Segretariə Parlamentare del Ministero dell'Ambiente dal 1998 al 2000.
F	Artista prolificə, Bewick realizza dipinti a olio, sculture e opere in tessuto, ma è principalmente conosciutə per i suoi acquerelli.
F	Dal 2000 al 2001, durante il primo governo Stoltenberg, Juul fu nominatə Segretariə di Stato per il Ministero degli Affari Esteri.
F	Le giornate dedicate ai membri includono visite guidate daə curatorə e daə artistə.
F	Levavasseur ha studiato come aiuto infermierə.
F	Melnik si è laureatə presso l'Università statale di Medicina e Odontoiatria di Mosca, dove ha poi lavorato come dentista e coach di atletica.
F	Nel 2005, Nalick si è poi esibitə al The Tonight Show, assicurandosi di invitare lə suə professorə ad assistere tra il pubblico.
F	L'album si spinse fino alla quattordicesima posizione della UK Classical Chart, e Brava diventò l'artista classicə finlandese più di successo del periodo.
F	Questo libro si contorce metaforicamente in un armadio pieno di sciocchezze per 450 pagine, per poi scontrarsi con il suo indice e fermarsi; ma questa non è una critica, perché lə suə autorə trova gratificante e rinfrescante accostare fatti non correlati come ripicca a quelle menti da ləi considerate ottuse.
F	Tobies è autorə o editorə di titoli come:
F	La pellicola voleva quindi insinuare che anche unə popolare studente modello può prendere decisioni sbagliate e rovinarsi la vita.
F	Secondo Giulini, se il melodramma è la sintesi ideale del trinomio di parole, musica e azione, è impossibile immaginare unə artista che riunisse questi tre elementi meglio di Callas.
F	L'autorə aveva fatto delle interviste, tra cui quella aə parenti superstiti di Kawashima.
F	Lə bambinə e l'infermierə sopravvissero.
F	Si è poi formatə come insegnante ed è andatə a lavorare in una cittadina del Massachusetts.
F	Durante questo periodo, l'ultimo compito, e il più difficile, affidato allə studente di cucito era quello di realizzare un cofanetto o una scatola con delle scene realizzate ricamando a rilievo.
F	Le abilità linguistiche e accademiche dell'autorə sono abbastanza discutibili.
F	Craddock trovò quel tipo di scrittura molto semplice da seguire e riteneva che Glasse fosse unə cuocə rispettabile, che sembrava aver provato la maggior parte delle ricette del libro.
F	Lə bibliotecariə si dimise per principio, non essendo riuscitə a risolvere il problema con l'amministrazione.
F	Desiderosə di intraprendere una carriera diversa dal tipico lavoro d'ufficio, Malarkey tornò in Pennsylvania per fare l'apprendista tatuatorə.
F	Cofman è autorə di:
F	Delehanty fu unə prolificə disegnatorə di targhette.
F	Poirier è unə docente alla Université du Québec en Outaouais, ed è statə vice-presidente del New Democratic Party.
F	Unə insegnante di canto, tuttavia, non assegnerebbe mai a unə cantante più di una classificazione vocale, a prescindere dalla sua estensione.
F	Tuttavia, la critica più recente ha riesaminato le conclusioni di Richetti e deə altrə definendole miopi e forse persino apertamente misogine, riflesso della loro epoca anziché delle correnti storiche a loro contemporanee, che definivano l'autorə come unə importante esponente del filone della satira politica.
F	Per questə autorə, la scrittura è una missione.
F	Questi libri presentano una tendenza maggiormente formalistica rispetto agli altri romanzi dell'autorə, ma sotto traccia è comunque ravvisabile una trama assai coinvolgente.
F	Cowley ha iniziato la sua carriera a Eastbourne, dove è statə assistente sanitariə e insegnante.
F	Stang è unə dietista certificatə dalla Commission on Dietetic Registration della American Dietetic Association.
F	Dopo aver lasciato l'agonismo, Doolan è diventatə istruttorə di golf.
F	L'artista è firmatariə della Dichiarazione sulla Lingua Comune dei Croati, Serbi, Bosniaci e Montenegrini, nell'ambito del progetto Lingue e Nazionalismi (Jezici i nacionalzmi).
M	Haweis fu anche unə autorə.
F	Shusterman è anche lə segretariə di area democratica della Commissione Giustizia.
F	Alla fine, unə altrə assistente di volo riuscì ad aprire il portellone posteriore di sinistra, permettendo a moltə passeggerə di evacuare prima che l'incendio si estendesse ulteriormente.
F	The Canopy Series (1987) si ispira alla famiglia dell'artista stessə.
F	Dopo essersi laureatə nel 1948, Wieland ha svolto vari lavori come graphic designer.
F	Conta all'incirca 1500 studenti e 100 insegnanti.
F	Siegel fu una deə primə insegnanti del neonato programma Head Start.
F	Quando la gestione della biblioteca comunale di Göteborg passò nelle mani dello Stato, diventando la biblioteca dell'Università di Göteborg nel 1961, Ekenvall si trasferì nella nuova sede e ne fu nominatə responsabile nel 1968.
F	Ə studenti di colore rappresentavano circa metà del totale.
F	Lə professorə va in maternità di lì a poco, e per un po' di tempo il team rimane inattivo.
F	Prima di diventare unə funzionariə pubblicə, Achtenberg ha lavorato per oltre 15 anni come avvocatə per i diritti civili, presidente di organizzazioni no profit ed educatorə in ambito giuridico.
F	Ackroyd fu incaricatə della costruzione di una nuova ala di chirurgia, che venne inaugurata dallə Segretariə alla Sanità nel 2004.
F	Secondo Peikoff, il commento di Macmillan fu: "L'autorə non comprende il socialismo".
F	Buffalohead è unə artista che si serve di tecniche e supporti molto diversi, tra cui colori ad olio, corteccia di betulla, aculei di porcospino e stampe.
F	A Gómez fu diagnosticata la sclerosi multipla quando era unə dottorandə.
F	Chambers è unə autorə di romanzi storici.
F	L'appello dellə studente, portato come prova a sostegno del regolamento sulla libertà di parola della scuola, ha invece contribuito ad affossarlo.
F	Oltre alla carriera da modellə, Valentini fa anche lə stilistə.
F	Voglio che sia estremamente chiaro che questo disco non mi riflette come artista ma è tutto un'idea della Curb Records, e di questo sono profondamente e sinceramente dispiaciutə.
F	In quanto membro della Commissione di Vigilanza, Solis è riuscitə a convincere lo stato a stanziare fondi per la bonifica dell'impianto di batterie Exide.
F	None
F	Eu è statə elettə Segretaria di Stato cinque volte.
F	È autorə di 200 articoli scientifici e ha collaborato in quasi 40 invenzioni per le industrie chimiche e di profumeria.
F	Shinas è entratə nel mondo dello spettacolo come cantante, dandosi poi alla recitazione.
F	Tohá è entratə in politica nel 1984 come leader della Federazione studentesca dell'Università del Cile (Fech).
F	Nel 1947, Mofford tornò alla Commissione Tributaria nel ruolo di segretariə esecutivə.
F	Dhumavati viene descrittə come unə grande insegnante, in grado di rivelare le più alte conoscenze sull'universo, che trascende qualsiasi dicotomia illusoria, come ad esempio quella tra buoni e cattivi auspici.
F	In base ad alcune insolite disposizioni della Legge del Massachusetts, Wightman può esercitare come psicoterapeuta anziché come psicologə.
F	McEntire è anche unə deə pochə musicistə a ottenere questo risultato in quattro decenni diversi ('80, '90, '00 e '10).
F	Stantcheva ha fatto diverse apparizioni mediatiche sia come autorə che come oratorə.
F	Come artista, Windling è specializzatə in lavori che traggono ispirazione da miti, folklore e fiabe.
F	Oggi sono unə artista maturə e consapevole del mio segmento.
F	Inoltre, Maswanganyi è attivə come solista e si esibisce in concerti e opere liriche.
F	Alla Boca Ciega High School, Bassett fece lə cheerleader e fu membro del programma di orientamento al college Upward Bound, dei club di oratoria e teatro, del governo studentesco e del coro.
F	Gollock fu anche Segretariə del Board of Study for the Preparation of Missionaries.
F	Ciò lə portò a diventare insegnante a Eccles Street ed esaminatorə nell'ambito dell'Intermediate Certificate.
F	Ə ballerinə indossano parrucche ricce sintetiche dello stesso colore dei loro capelli o di un colore completamente diverso (per esempio, unə ballerinə biondə con i capelli neri o viceversa).
F	Aw voleva diventare unə ballerinə, unə artista o unə psicologə infantile.
F	Tra le mansioni di unə sguatterə ci sono: assistere lə cuocə, tenere pulito il retrocucina e tutti gli utensili, sia quelli metallici che quelli di coccio.
F	Meuleman studiò per diventare insegnante, e ə due condivisero una passione per la letteratura e i paesaggi scandinavi.
F	L'anno successivo, Moriarty è apparsə nel film 1320 nei panni di unə infermierə.
F	Stando alla prefazione si tratta di un romanzo rosa e non storico, perché l’autorə non vuole né osa accostare la sua opera alla dignità e alla complessità di un romanzo storico.
F	La scena rappresenta lo stretto rapporto tra insegnante e studente promosso da Zahle.
F	Rimasero colpitə dallo scopo che si era prefissatə l’autorə, ossia di scavare nella sfera dell'ordinario, della vita popolare americana, e vedere cosa ci fosse.
F	Il libro contiene diverse illustrazioni realizzate dall’autorə sotto forma di xilografie.
F	Il romanzo dellə scrittorə dominicanə-americanə affronta vari temi, tra cui la sessualità giovanile e l'identità nazionale, presenti anche nei lavori di Obejas.
M	Otaki è ispettorə capə del distretto di Osaka e grande amicə di Heizo Hattori e Ginshiro Toyama.
M	Dopo aver lavorato come giornalista di settore e di notizie locali, Granatt si unì al servizio civile nel 1979 come ufficiale informativə.
M	Tetzchner è anche co-fondatorə ed ex amministratorə delegatə di Opera Software.
M	Kotzen avrebbe successivamente affermato che essere a Poison l'avrebbe aiutatə a dimenticare che fosse unə musicista mentre Rockett si sarebbe lamentatə della perdita dell'originale attitudine della band.
M	Pawlowski nacque a Varsavia, figliə di unə meccanicə, e studiò legge nella stessa città.
M	Pemberton è statə caporedattorə del SIGCHI Bulletin dal 1993 al 1999 e di ACM Interactions dal 1998 al 2004.
M	Questa promozione andava contro la tradizione, che favoriva ə Kapiteins di lungo servizio rispetto alle famiglie deə ufficiali di lungo corso, mostrando dunque il grado di fiducia che il governo coloniale riponeva nellə nuovə Majoor.
M	Pettersson è lə direttorə scientificə della flotta di ricerca della Commissione.
M	Fu con questa composizione che Estévez fece il suo debutto come direttorə nello stesso anno.
M	La sua parte maledetta è il business con il quale devi interfacciarti, e invece la parte buona è che puoi essere unə musicista e divertirti...
M	Albertson è unə cantante cantautorə e strumentista che ha fatto tour in 26 paesi.
M	Lə più grande, Yigal, ingegnerə aerospaziale, fu propostə e poi rifiutatə.
M	Una carriera di successo fu oscurata dal fatto che Zinoviev era di fatto impossibilitatə ad andarsene, nonostante lə scienziatə fosse ripetutamente invitatə a convegni esteri.
M	Hugget è statə unə ufficiale dell'intelligence, che dal 1989 ha gestito una scuola per bambinə nell'Hampshire.
M	Donnini a 19 anni fu lə più giovane soldatə nella seconda guerra mondiale ad essere premiatə con il VC.
M	Unə agente della SCS venne accusatə nel 1983 di aver picchiato deə sospettatə su segnalazione di unə cadettə della polizia, lə quale fu poi ostracizzatə e costrettə a rassegnare le dimissioni.
M	Ma unə investitorə che si ritira da un fondo chiuso deve vendere sul mercato ad unə altrə compratorə, così lə manager non deve avere la necessità di vendere nessuna delle azioni.
M	Il conteggio chiaro e metodico delle battute da parte dellə direttorə d'orchestra è uno dei tratti distintivi di questa sequenza delle prove.
M	Si trattava di una nomina importantissima per unə scienziatə così giovane.
M	Dal 1941 al 1972 Grote ha lavorato come consulente scientificə per la Chattanooga Medicine Company, in seguito chiamata Chattem Co.
M	Era evidente che anche lə macchinista fosse statə disattentə, perché il segnale di avanzamento nei pressi della curva non aveva concesso il via se non quando il treno era a pochi metri da esso, eppure il convoglio stava viaggiando a circa 60 miglia orarie in quel punto.
M	In quanto funzionariə della legge, Isaacs ha trattato molti casi di alto profilo.
M	L'auto aveva sterzato dalla corsia interna a quella esterna, ma lə guidatorə disse che Duggan era saltatə davanti all'auto con le mani alzate e la bocca aperta.
M	L'ampia copertura mediatica dell'incidente portò Monteux alla ribalta, a soli 38 anni, come acclamatə direttorə d'orchestra.
M	Saavik, tuttavia, è presente nella trasposizione letteraria del film, dove è unə ufficiale reclutatorə che spinge Valeris a unirsi alla Starfleet, dandolə consigli su come convivere con una discendenza mista.
M	Code si unì al ministero del reddito interno federale come Ispettorə dei pesi e misure nel 1880.
M	Blume fu caporedattorə del Journal of Finance dal 1977 al 1980, ed ha anche lavorato come redattorə del Journal of Financial Economics, The Journal of Portfolio Management, e The Journal of Fixed Income.
M	Burda ha assunto il ruolo di unicə azionista ed Amministratorə Delegatə di Burda Holding nel 1987.
M	Nagano servì come consiglierə governativə fino alla fine della guerra.
M	Oesch fu anche unə deə fondatorə e caporedattorə di una famosa rivista sulla storia della Finlandia durante la Seconda guerra mondiale.
M	Peel era unə contadinə di professione, e aveva un branco di cani da caccia.
M	Hunk è unə meccanicə e membro della Voltron Force.
M	In qualche mese Rivett [Amministratorə Delegatə di CSIR] ricevette una lettera di dimissioni da quasi tuttə ə scienziatə che avevano avuto un contatto frequente con Tillyard.
M	L'ispettorə visitò il sito e controllò se vi erano vapori in qualche strada vicina, ma non notò un problema serio.
M	In seguito ad una prima stagione di successo come manager Krogh fu ingaggiatə come manager della Næstved BK nell'estate del 2014.
M	Dearing si è unitə al servizio civile come addettə all'amministrazione all'età di 16 anni nel 1946.
M	Incredibilmente, lə stessə contadinə presenta ridotta capacità cognitiva prima del raccolto, ossia in condizioni di maggior povertà, rispetto a dopo il raccolto, quando è maggiormente abbiente.
M	Per unə manager del mio calibro, quello è lo standard del settore.
M	Solzhenitsyn si fermò come direttorə musicale nel 2010, e divenne unə direttorə d'orchestra laureatə.
M	Pilous sarebbe statə l'allenatorə e lə manager della squadra, mentre MacDonald avrebbe svolto le funzioni di segretariə e tesorierə.
M	Hackett si ritirò effettivamente dal comitato Redlow nell'assemblea generale annuale del 2018, mentre rimase coinvoltə in un ruolo tecnico come Architettə d'integrazione sistemi.
M	Ziri ibn Mennad fu unə capə della branca Takalata della confederazione Sanhajah, alla quale apparteneva Kutama Berbers.
M	Più lə lottatorə che sta sopra preme con la gamba di richiamo, più blocca la guardia, generando maggiore energia rispetto allə lottatorə che sta sotto.
M	Gaddafi rimase comandante in carica delle forze armate e capə di stato effettivə.
M	In seguito all'omicidio di unə autista di un taxi da parte di unə passeggerə, Moscoe commentò dicendo che ə autistə di taxi vivono un'esistenza davvero pericolosa, in aggiunta ləi si azzarderebbe a dire che il loro lavoro è più pericoloso di unə agente di polizia.
M	Lə controllorə è unə chimicə altamente qualificatə ed ingegnerə meccanicə, con una laurea in chimica ed ingeneria meccanica ed elettrica.
M	Jaruzelski divenne unə candidatə membro del Politburo del partito Polish United Workers, organo esecutivo principale del partito, ottenendo la completa adesione l'anno successivo.
M	Sainsbury lavorò anche come ingegnerə di progetto, e poi come direttorə di progetto, alla costruzione della Natwest Tower, completata nel 1980.
M	Con elementi ci si riferisce spesso agli elementi architettonici o ad avere la sensazione delle mani di unə architettə.
M	A parte fare skate, Johannesen ha lavorato come carpentierə e successivamente ha gestito una stazione di servizio.
M	Lə curatorə capə era altə, biondə, e con un viso spigoloso, illuminato da occhi penetranti.
M	Fitoussi lavora anche come architettə e gioca in borsa.
M	Harbig, unə soldatə professionista, ha continuato a partecipare ad eventi di pista.
M	Dopo il ritiro dal basket, Mashburn ha lavorato per ESPN come analista e si è imbarcatə in numerose attività imprenditoriali di successo.
M	Toth andò al concerto come amicə dellə manager, e quando la band si mise a cercare unə batterista, si candidò.
M	Dopo dieci anni come avierə arruolatə, McDonald fu accettatə per addestramento piloti e fu incaricatə come ufficiale nel 1989.
M	Prima che il partito liberale del Quebec prese il potere con le elezioni del 2003, Fournier in diversi momenti ha lavorato come capogruppo dell'opposizione ufficiale, criticə per gli affari intergovernamentali canadesi, e anche come criticə per la salute.
M	Peabody scalò rapidamente i ranghi del negozio di Clelland, diventando ben presto prima manager, poi sociə, e rilevando infine il negozio nel 1882.
M	L'ispettorə venne a sapere, tramite lə Colonnellə McLeays, che:
M	In seguito a due risultati impressionanti e iniziando il tipo di risposta positiva che speravamo fosse portata dal cambiamento, ə proprietariə del club decisero che Shakespeare sarebbe statə lə manager del club fino al termine della stagione.
M	Spielberg spiega come il non vedere chi guida faccia diventare lo stesso camion l'antagonista del film, anziché lə guidatorə.
M	Fu un atto di integrità elettorale che segnerà per sempre lə mansuetə economista come figura storica della transizione pacifica del Messico verso la democrazia.
M	Rinomatə ingegnerə e politicamente indipendente, Narutowicz fu lə primə capə dello stato eletto dopo che la Polonia riconquistò la sovranità dalle forze separatiste.
M	Promossə a hauptmann (capitanə), Ravenstein venne assegnatə alla Guardia Imperiale in qualità di comandante di battaglione.
M	Prima di diventare unə musicista Silenoz lavorava in un asilo.
M	Karpyshyn fu ad un certo punto assuntə come responsabile prestiti.
M	Nonostante fosse accusatə degli omicidi, e del tentato omicidio dell'ufficiale di polizia, Gaggi fu condannatə solo per assalto.
M	Il personaggio principale mostra alcune somiglianze con Frisch, unə architettə frustratə diventatə scrittorə.
M	MacLean-Abaroa ha lavorato come consulente e consiglierə su questioni di governance e anticorruzione in diverse organizzazioni e governi internazionali.
M	Lə manager del parcheggio contattò la PETA dopo che un gruppo di residenti si trasferì, lasciando i loro cani, il che è il motivo per il quale ə lavoratorə erano sulla proprietà.
M	Lə guidatorə del treno passò due segnali preoccupanti (un doppio giallo dopo un giallo singolo) senza rallentare il treno, e reagì solo utilizzando un freno d'emergenza quando il segnale rosso di pericolo apparì.
M	Bottomley ha lavorato come minatorə di carbone, camionista, commessə e impiegatə delle ferrovie.
M	Come funzionariə legislativə, lə sceriffə arrestò ə bambinə vagabondə e lə iscrisse a scuola.
M	Prima di entrare in politica Coutinho ha lavorato come ingegnerə civile.
M	Dopo aver lavorato per un periodo presso il dipartimento di valutazione, Sowry fu assuntə da Hannahs, produttorə di scarpe e retailer come manager del retail.
M	LaFlesche lavorò come capə principale fino al 1888.
M	Nel periodo a cavallo tra le due guerre mondiali, Wiesner fu unə architettə molto attivə nella città.
M	Shiplee è l'ex direttorə dell'agenzia di consulenza High Point Rendel, che opera nel settore delle costruzioni.
M	Igarashi era unə professorə associatə di cultura islamica comparata presso l'università di Tsukuba.
M	Fokker divenne unə professorə di fisica al Gymnasium di Delf dopo il 1918 e fu incaricatə nel 1923 come primə professorə di fisica applicata presso la Technische Hoogeschool Delft (oggi conosciuta come Delft University of Technology).
M	Gilliat diventa unə bravə pescatorə e marinaiə.
M	Lə professorə Gager è anche unə fervente appassionatə di arrampicata su roccia, kayak e ciclismo.
M	E quando ero al meglio ero unə super atleta.
M	Dundas fu unə grande collezionista d'arte.
M	Washakie era unə pittorə di pelli.
M	I libri raccontano in modo romanzato della distruzione di Almeida che, come nota Cornwell convenientemente in quanto scrittorə di narrativa, rimane un mistero.
M	Una volta fatto ritorno alla vita civile, Higgins lavorò come chimicə dal 1919 al 1922.
M	Si riteneva che lə scrittorə volesse scrivere il nome di Snider in uno di quegli slot.
M	Lə professorə Halsted suggerì che il gioco dovesse chiamarsi pallavolo, dato che lo scopo principale era far volare la palla verso unə compagnə oppure oltre la rete.
M	Lə giudice del processo deve soppesare nuovamente e in modo indipendente le aggravanti e le attenuanti.
M	Dopo essersi ritiratə dal campo giocato nel 1967, Gasnier fu coinvoltə nella parte mediatica della lega rugby, diventando unə scrittorə sportivə e broadcaster.
M	Gooch rimane al club, continuando come allenatorə di battuta specialista della squadra ed ha assunto impegni commerciali per la contea.
M	Rall fu anche chirurgə (1955-9), primariə di chirurgia (1959-60), direttorə sanitariə (1963-71) e ispettorə sanitariə (1971-90) del Servizio Sanitario Nazionale statunitense.
M	Snelling arrivò nell'ateneo nel 1888 come professorə aggiuntə di matematica e comandante dei cadetti.
M	Carnage procede con l'asfissiare lə dottorə, scatenarsi in prigione e scappare.
M	Catasse è unə pittorə cilenə di fama internazionale.
M	None
M	Quatermass II fu l'ultimo copione originale di Kneale per la BBC come scrittorə del personale.
M	Wingfield ha scelto la parte dellə dottorə perché più longeva e stimolante.
M	McLaughlin lavorò come scrittorə di bozze per:
M	Gowers entrò nel servizio civile domestico come unə addettə della divisione superiore nel Dipartimento delle Entrate Interne.
M	Dal 1974 al 1976, Claver fu assistente professorə in visita alla New School for Social Research nel dipartimento di economia.
M	Prima di ESPN, Pasquarelli ha lavorato come autorə senior per CBS SportsLine.com.
M	La TEA riscontrò che lə direttorə finanziariə aveva fatto un uso improprio di fondi federali.
M	Lə professorə Miklaszewski era molto attivə in campi come quello scientifico, didattico, organizzativo ed editoriale.
M	La carriera di Insull cominciò come apprendista addettə per diverse aziende locali a 14 anni.
M	Ashbee afferma che Potter ha lavorato come redattorə di contributi da parte di moltə affezionatə.
M	Yevtushenko ha anche realizzato due film come sceneggiatorə/regista.
M	Dopo una lunga revisione ufficiale, il video fu considerato inconcludente per ribaltare la decisione sul campo dellə giudice di linea.
M	Cantarini era principalmente unə pittorə della controriforma che dipinse soggetti religiosi.
M	Mundine è statə definitə come l'atleta più polarizzante della storia sportiva australiana.
M	Remoch fu unə dottorə a Fraga, in Spagna, nel XIV secolo.
M	Il problema venne a galla quando unə istruttorə omosessuale tentò il suicidio tramite overdose di compresse APC (aspirina, fenacetina e caffeina) dopo essere statə respintə da unə altrə soldatə.
M	Oltre ad essere dottorə residente in due ospedali, Gorrie fu attivə nella comunità.
M	Southey fu anche unə prolificə scrittorə di lettere, studiosə di letteratura, scrittorə di saggi, storicə e biografə.
M	Tompkins era unə giudice poco conosciutə di Bourbon county che veementemente rimase fedele ai principi del partito anti-condono.
M	Kurtz fu caporedattorə del giornale ISHV, The Human Prospect: A NeoHumanist Perspective.
M	Dal 2001, Auffarth ha detenuto la cattedra di Professorə di Studi Religiosi con focus sulla Storia e Teologie Cristiane presso l'Univerisità di Brema.
M	Leach era unə normale scrittorə e giornalista riguardo temi di storia naturale e li introdusse nel curriculum scolastico.
M	Skácel è statə editorə di Host do domu, un'importante rivista letteraria, tra il 1963 e il 1969.
M	Fui più sorpreso quando lə dottorə entrò nello spogliatorio dell'Anfield, disse Wark.
M	Prima di arrivare alla LSU nel 1988, Stoner fu istruttorə di Politica e Politica Pubblica presso il Goucher College.
M	Dal 1998 al 2007, Lahman fu redattorə o contributorə di più di una dozzina di enciclopedie dello sport.
M	Se la tesi viene accettata dal consiglio, l'esaminatorə comincerà un esame riguardo la tesi.
M	L'esplosione, avvenuta durante la riverniciatura del serbatoio di zavorra principale, uccise due pittorə civili e ferì gravemente unə marinaiə e altrə tre pittorə civili.
M	Scrittorə e poeta, lə maestrə del tè si riferisce alle porcellane e alla loro relazione con la cerimonia del tè, dicendo: "Nonostante vi pulite le mani e togliete la polvere e la sporcizia dal recipiente, qual è l'utilità di queste cerimonie se il cuore è ancora impuro?"
M	Più conosciutə come scrittorə, Bendis cominciò come artista, lavorando per magazine locali e giornali, inclusi lavori con caricature.
M	Lə professorə Sonninen ricevette il suo titolo onorario nel 1981.
M	Quarles era unə avvocatə e divenne membro della legislatura statale nel 1811 e 1812.
M	Lo sviluppo stilistico dell'opera di Eufronio in questo periodo, durante il quale sia lə pittorə che lə vasaiə tentarono esperimenti audaci e influenti, permette di ricostruirne la cronologia con un certo grado di sicurezza.
M	Eminente come dottorə.
M	Luff divenne forse lə più prolificə scrittorə filatelicə del periodo, con lavori che spaziavano dal tutorial "What Philately Teaches us" (1899), fino a lavori classici di riferimento come "The Postage Stamps of the United States" (1902), e numerosi articoli nelle news settimanali sui francobolli di AJP e Mekeel.
M	Mellin, che aveva studiato a Bologna e a Padova, era famosə per essere medicə, astrologə e musicista, nonché poeta.
M	Attualmente, Mazilu ricopre il ruolo di professorə consulente presso l'Università di Bucharest ed è autorə di diversi libri.
M	Brongiart fu un infaticabile investigatorə e unə scrittorə prolificə di libri ed autobiografie.
M	Durante la seconda guerra mondiale, Illyés fu nominatə caporedattorə del Nyugat a seguito della morte di Mihály Babits.
M	Il rischio di lesioni al legamento collaterale ulnare per unə lanciatorə è considerato molto alto, dato che lo stress inflitto alla zona si avvicina al punto di rottura soprattutto nel caso di lanci particolarmente forti.
M	L'avviso deve essere trattato come confidenziale da parte sia dellə commercialista sia dellə cliente.
M	Non tutti i giorni ad unə atleta viene dato come nomignolo il nome di un personaggio dei cartoni animati!
M	Dal 2003, Hermsen è professorə di astrofisica presso l'Università di Amsterdam.
M	Gottschall fu attivə come redattorə e compilatorə di antologie.
M	Se ci fosse una differenza tra i primi e gli ultimi lavori dellə pittorə, sarebbe che i primi erano più chiari e delicati nella carne, mentre gli ultimi erano spesso più scuri e lividi nelle ombre.
M	La materia era già nota aə studenti grazie alle lezioni dellə professorə Delarue.
M	Krulwich, nel 2004, divenne lə presentatorə e direttorə editoriale dell'innovativo programma scientifico PBS NOVA scienceNOW.
M	Hajjarian fu anche redattorə del giornale Sobh-e Emrooz, che sostenne fortemente le riforme di Khatami.
M	Professorə universitariə di comunicazione sociale presso la UCUDAL.
M	Mancavano gli elementi riconducibili a unə intagliatorə amatoriale, che facevano schizzare le stime di questi netsuke tra ə collezionistə rispetto a quelli prodotti a scopi commerciali.
M	Muhadjir risulta al momento come professorə del Dipartimento di Sociologia dell'Università Statale di Malang.
M	Cook ha lavorato come Assistente Curatorə Onorariə di Collezioni Criptogamiche presso il National Herbarium degli Stati Uniti dal 1898 fino al 1948.
M	Dopo diversi mesi, Gutfreund divenne unə assistente nell'ufficio obbligazionario comunale, per poi diventare unə trader.
M	Mentre era assistente segretariə, Holbrooke ha guidato i lavori per implementare la politica di espansione della NATO, guidando in particolare il team di negoziazione incaricato di risolvere la crisi balcanica.
M	Podhoretz rimane redattorə capə di Commentary.
M	Kunkin rimase redattorə per circa due anni e poi se ne andò.
M	Tramite connessioni personali con Mugabe ed ottimi risultati, Mudenda fu presto promossə ad amministratorə provinciale e governatorə provinciale.
M	Reali si unì ad ESPN nel 2000 come ricercatorə e scrittorə per 2 Minute Drill.
M	Lə scrittorə prolificə fu anche unə viaggiatorə prolificə, facendo undici viaggi in Europa, principalmente per visitare l'Olanda.
M	Inoltre nel 2003, Kitamura lavorò come produttorə per il film Battlefield Baseball, il debutto come direttorə dellə co-scrittorə di Versus Yūdai Yamaguchi.
M	Dal 2013, Smyth divenne unə studente istruttorə, facendo da tutor ad altrə studenti di disegni Bargue e metodo di misura ad occhio per disegno a carboncino.
M	Caragiale divenne anche unə collaboratorə del giornale di Filipescu Epoca e redattorə del suo supplemento letterario.
M	Dal 2019, Braam divenne unə professorə di fisica in visita alla Oxford University.
M	Successivamente, Hempstead fu elettə ripetutamente e servì come giudice della contea di Dubuque fino al 1867.
M	Dal 1971 al 1979, Rubik fu professorə di architettura al Budapest College of Applied Arts (Iparművészeti Főiskola).
M	Il motivo per cui Manlio, che era statə inviatə in Spagna Citeriore come assistente consolare, dovesse intraprendere una campagna in Spagna Ulteriore nonché assumere il comando delle truppe dellə pretorə nell'altra provincia, rimane un mistero.
M	Ciò provocò una controversia pubblica, dato che screditava la versione ufficiale dell'accaduto, che incolpava una tempesta mai avvenuta del naufragio e glorificava lə marinaiə sopravvissutə.
M	L'americanə Herapath aveva fatto da assistente a Maturin sulla Leopard.
M	Nonostante fosse unə abile linguista, Maturin non ha mai compreso a pieno le terminologie navali o i lavori su una nave, un'idea narrativa che permette all'autorə di offrire allə lettorə informazioni tecniche avendo dei collaborativi membri dell'equipaggio che spiegano cose allə dottorə della nave.
M	Incaricatə come assistente capə dello staff per la formazione nella sede della divisione, McNair era anche responsabile della mobilitazione dell'organizzazione del pre-dispiegamento, formazione individuale soldatə, e formazione di unità collettive.
M	Ə amicə dellə pittorə eressero un uomo di pietra ed un totem come memorial presso Hauhurst Point, vicino alla parte nord del lago.
M	Rinnan è unə marinaiə dal 1958 e capitanə da 23 anni.
M	MT fu lə primə sceneggiatorə di sempre a Malayalam che scrisse sceneggiature dopo aver imparato cinema come arte visiva distinta che possiede un proprio linguaggio, grammatica e struttura.
M	Woodring divenne presto assistente cassierə nella prima banca nazionale di Neodesha.
M	Werth fu unə scrittorə non classificabile con una prosa acida, che scrisse del periodo tra le guerre e si espresse contro il colonialismo (Cochinchine, 1928).
M	Caputo è unə specialista nella filosofia continentale contemporanea, con una particolare esperienza in fenomenologia, ermeneutica e decostruzione.
M	Tali studi potevano assicurare una carriera ben più promettente come giudice o ufficiale governativə.
M	Burchfield è statə recentemente descrittə come lə misticə e cripticə pittorə di paesaggi trascendentali, alberi con auree telecinetiche, e case infestate emananti un'aura ectoplasmica.
M	Delvincourt fu unə amministratorə progessista, aggiungendo corsi di clavicembalo, sassofono, percussioni, e onde Martenot.
M	Lə dottorə impegò del tempo per risolvere un mistero con l'aiuto di Kling, il cane detective.
M	Vacłaŭ Łastoŭski, altrə futurə primə ministrə della Repubblica popolare di Bielorussia, divenne segretariə del quotidiano nel 1909 e ne fu redattorə de facto tra il 1912 e il 1913.
M	Durante le fustigazioni, unə dottorə o altro personale medico fu consultato ad intervalli regolari riguardo la condizione dellə prigionierə.
M	Bulkley fu lə redattorə di Cancer: A Practical Qurterly Journal Devoted to the Best Interests of Cancer.
M	Holtzclaw fu anche unə scrittorə.
M	Ho sempre voluto essere unə artista, unə pittorə.
M	None
M	La reputazione di Chauliac come dottorə crebbe velocemente.
M	Shaham fu caporedattorə della Sifriat Poalim Publishing House.
M	Nel 2016, Saab è apparsə in qualità di giudice in Project Runway: Middle East.
M	Per esempio, Pocher fu ingaggiatə come babysitter, raccoglitorə d'uva per il vino e assistente di pompe funebri.
M	Durante gli anni '70 e '80, bp era unə redattorə che contribuiva ad Open Letter, un magazine letterario.
M	Il gruppo di figure mostrate dallə Pittorə di Amasis erano disegnate in modo assai scrupoloso e con una composizione perfettamente simmetrica.
M	Lourijsen fu unə ritrattista e progettista attivə e lavorò dal 1912 in poi come professorə presso l'Ignatius college di Amsterdam.
M	In quanto procuratorə generale, Grigsby fu responsabile per la fine delle investigazioni nei probabili fondi mancanti nell'ufficio dellə revisorə dei conti.
M	Humphries rispose diventando unə lettorə verace, unə collezionista di libri rari, unə pittorə, unə fan del teatro ed unə surrealista.
M	Lə capə disse allə giudice che Crapsey era statə accusatə di disturbo della quiete pubblica.
M	Comunque, l'idea proposta dallə scrittorə di questo articolo che Dáibhídh fosse lə misteriosə amanuense di MacFhirbhisigh non è plausibile, in quanto paragonando le grafie non erano simili l'una all'altra.
M	Bogza ha frequentato la scuola di Ploiesti e si è formatə come marinaiə all'Accademia Navale di Constanta, ma non ha mai cercato lavoro nelle forze navali romene.
M	Stando al diario, lə fuggitivə era unə scrittorə venezuelanə condannatə all'ergastolo.
M	DeNucci è statə lə revisorə più longevə nella storia del Massachusetts.
M	Cederman era lə principale investigatorə in diversi progetti di ricerca con finanziamenti dalla Swiss National Science Foundation e lo Swiss Network for International Studies.
M	Herrington fu selezionatə come specialista di missione per STS-113, la sedicesima missione dello Space Shuttle verso la Stazione Spaziale Internazionale.
M	Dott. Onen è unə dottorə consulente senior presso il Centro per le Malattie Croniche, una struttura medica privata che offre trattamenti in diversi ambiti, inclusi, tra gli altri, Cardiologia, Malattie Cardiovascolari, Diabete, Gastroenterologia e Malattie Infettive.
M	Dopo la guerra Heym condusse Ruhrzeitung ad Essen, e divenne redattorə a Monaco per Die Neueu Zeitung, uno dei più importanti giornali delle forze di occupazione americani.
M	La carica era quella di Professorə di zoologia, anatomia umana e comparata presso l'Università di Landshut.
M	Lə scrittorə ha inoltre aggiunto che l'apparente equivoco nel rapporto tra Zero e X, prima della rivelazione che quest'ultimə fosse un clone corrotto, è stato una delle cose più oscure viste nei giochi Capcom a causa dell'idea di unə Zero che complottava per uccidere X, che in precedenza era lə protagonista della serie.
M	Ascroft ha anche lavorato come ospite redattorə di Landfall nel 2005 per una pubblicazione singola.
M	Fare volontariato proteggeva lə marinaiə daə creditorə, in quanto la legge vietava la riscossione di debiti accumulati prima dell'arruolamento.
M	Uno dei risultati delle controversie causate dai lavori di unə scrittorə è lo scandalo, che è una reazione negativa del pubblico che causa un danno alla reputazione e dipende dall'indignazione pubblica.
M	Rondina è unə filantropə e collezionista d'arte.
M	Non prenderò seriamente le minacce di unə piccolə Berber caid [giudice] che ho avuto alla mia mercè poco tempo fa.
M	Criticə cinematograficə e scrittorə per diversi anni, oltre ad essere pubblicista per il National Film and Sound Archive, Juddery ha scritto una guida e-book per recensire un film per Fabjob Books nel 2003.
M	Dopo la guerra, Buchheim lavorò come artista, collezionista d'arte, proprietariə di gallerie, banditorə ed editorə d'arte.
M	Mothersbaugh è unə collezionista e gran conoscitorə di "song poems" e di strumenti musicali insoliti o vintage.
M	Promossə a vicepresidente ed editorə esecutivə senior nel 2007, Hirshey è specializzatə in politica, attualità, sport, biografie, cultura pop e humor.
M	Kanto è unə atleta allenatə e unə ottimə combattente corpo a corpo.
M	Kneale fu inizialmente unə scrittorə genericə, lavorando ad adattamenti di libri e sceneggiature e scrivendo anche materiale per intrattenimento leggero e programmi per bambinə.
M	Tanizaki fece una breve incursione nel cinema muto, lavorando come sceneggiatorə per lo studio cinematografico Taikatsu.
M	Dittmar conquistò una reputazione nazionale come scrittorə, professorə, oratorə e dirigente.
M	MacDonald passò gli anni successivi facendo diversi lavori tra cui impiegatə di un ristorante drive-in, istruttorə di sala da ballo ed aiuto insegnante per bambinə con problemi mentali.
M	Lə reverendə Ullrich fu chiamatə come assistente pastorə.
M	Sileshi Sihine è sposatə con l'atleta tre volte campionə olimpicə Tirunesh Dibaba.
M	Specializzatə nel bombardamento in volo orizzontale, nel 1936 Fuchida fu nominatə istruttorə di tale tecnica.
M	Aurbach lavorò (dal 2003) come redattorə del giornale dell'Electrochemical Society.
M	La polizia considerò gran parte delle lettere anonime come inautentiche, a parte una, definita la "lettera dall'inferno" richiamando le parole usate dall'autorə, che venne presa sul serio perché inviata in una scatola contenente un pezzo di rene umano perfettamente conservato.
M	Faal fu indicatə per la posizione di avvocatə di processo senior e di avvocatə principale dell'accusa per i casi Darfur.
M	La collezione ricevette molti apprezzamenti da Boulenger, lə quale affermò che nonostante non avesse novità in termini di tratto, la collezione era interessante per la cura con la quale lə suə collezionista ha registrato le esatte località dove ogni campione era stato ottenuto.
M	Durante questo periodo, Mehaffey fu incaricatə come assistente amministratorə per l'ingegneria per l'intera WPA.
M	Sia come violoncellista sia come dottorə, Richner era conosciutə da pazienti, spettatorə e donatorə come Beatocello.
M	Quando lə giudice annunciò il verdetto, ə gangster urlarono a Nagorny: "Ti seppelliremo vivə!"
M	Comunque, se lə querelante è informatə da unə dottorə sui grandi rischi di una procedura medica, non ci sarà alcuna accusa di intrusione contro la persona per risultante danno causato; l'accordo dellə querelante costituisce un consenso informato.
M	Tali implicazioni sono più probabilmente radicate nell'interesse, da parte dell'autorə, di enfatizzare l'indipendenza delle Orcadi al tempo in cui scriveva anziché gli eventi del IX/X secolo che si proponeva di descrivere.
M	Lasciando Acton Secondary Modern a 15 anni, Caulfield si assicurò una posizione come addettə agli archivi presso la Crosse & Blackwell e successivamente fu trasferitə nello studio di design, lavorando sull'esposizione del cibo e facendo mansioni da servə.
M	Rajshekhar Basu (1880–1960) fu lə più notə scrittorə di racconti brevi satirici della letteratura bengalese.
M	La mostra riuniva oltre 100 opere (circa 60 dipinti e 40 disegni), che riassumevano le abilità dell'artista sia come pittorə che come disegnatorə.
M	Lə direttorə fu scioccatə dei risultati e licenziò lə redattorə.
M	Il primo lavoro di Kur nel giornalismo fu ricercatorə, reporter e scrittorə per Eastern Education Network,
M	Allamah-i Hilli fu unə scrittorə prolificə la cui bibliografia comprende circa centoventi titoli.
M	Behan ha anche trovato il tempo di lavorare nell'istruzione, essendo statə identificatə dal dipartimento dell'istruzione della regione Strathclyde come l'autorə residente per le scuole secondarie della regione.
M	L'intento era di assicurarsi che una sceneggiatura potesse essere portata in scena nonostante l'eventuale minaccia di uno sciopero della Writer's Guild, dato che Benchley non era sindacalizzatə.
M	None
M	Burtt è statə anche lə sound editor per WALL-E e ha preparato le vocalizzazioni dell'omonimo personaggio e degli altri robot nel film.
M	Haining riuscì a coprire la posizione di direttorə di redazione prima di diventare unə scrittorə a tempo pieno all'inizio degli anni 70.
M	Rathke fu unə professorə di zoologia ed anatomia al Königsberg dal 1835 al 1860.
M	Lə giovane che indossa zoot suit e lə marinaiə non indietreggiarono fino a quando, alla fine, lə marinaiə si tirò indietro.
M	Mancini ha lavorato come assistente allenatorə e direttorə del personale deə giocatorə per il Programma di Sviluppo del Team Nazionale di Hockey USA dal 1997 al 2000.
M	Ruf è redattorə e co-editorə di numerose pubblicazioni.
F	Mentre frequentava la Guildhall School, Blackman lavorò come impiegatə al Ministero degli Interni.
F	Washoe era affiancatə tutto il giorno da unə ricercatorə o unə assistente.
F	Nel corso della prima stagione, Rosenberg lavorò inizialmente come consulente di produzione e sceneggiatorə.
F	McCaskill aveva partecipato con successo a due campagne per diventare revisorə dei conti.
F	Nel 2015, Johannesson è statə accettatə come professorə associatə di filosofia della religione all'Università di Uppsala.
F	Hashmi è statə anche docente e direttorə del National College of Arts.
F	Una ricerca condotta nel 2016 dallə professorə Stijn Baert (Università di Gand) confutò l'idea secondo cui il lavoro part-time svolto da studenti rendesse più appetibile il loro curriculum, aumentandone il potenziale occupazionale.
F	Bridgman fu poi abilitatə alle funzioni direttive dell'assistenza infermieristica dall'Università del Saskatchewan, diventando quindi coordinatorə infermieristicə.
F	Westcott non era strettamente unə specialista.
F	Sebbene prendere il sole in topless non sia vietato in Polonia, lə giudice lə ha condannatə a pagare una multa di 230 złoty (150 secondo un'altra fonte, che corrispondono a 40 euro o 55 dollari) per aver violato il codice di condotta.
M	Lə revisorə Hafer vinse le elezioni.
F	Il giorno seguente, il 27 febbraio, Klassen firmò con la Manitoba Telecom Services (MTS) il contratto più redditizio di sempre per unə atleta amatoriale canadese, il cui valore ammontava a circa un milione di dollari.
F	Alla fine la scatola viene aperta e l'assistente, ancora legatə con le corde, viene mostratə illesə.
F	Kulkarni ha lavorato come medicə, specializzandosi in medicina d'emergenza-urgenza, prima di diventare unə psichiatra.
F	McCullough scrive che Murasaki è al contempo lə massimə esponente di una società unica e unə scrittorə che parla di questioni umane universali con una voce senza tempo.
F	Yerkes è l'atleta più decoratə di sempre nella storia del Roanoke College, avendo vinto 12 titoli All-American in diverse gare.
F	None
F	Pur avendo portato la squadra a vincere il campionato di basket AAU nel 1931, Didrikson era già famosə come esponente dell'atletica leggera.
F	McManus è unə scrittorə affermatə.
F	Abbam era proprietariə e curatorə della rivista, per la quale scriveva la maggior parte dei contributi.
F	Alla fine, la questione è stata risolta e Getzowa è statə assuntə come specialista in patologia.
F	Dal 1920 al 1939, Lithiby ha lavorato come pittorə di figure, paesaggi e murali.
F	Lappé è unə deə redattorə di YES!
F	Praticamente non c'era più niente tra il femore e il ginocchio, così lə chirurgə ha praticato diversi fori per stimolare la formazione di tessuto cicatriziale, e alla fine sono tornatə a correre.
F	Wheatley non è statə solo lə primə afroamericanə a pubblicare un libro, ma anche lə primə a ottenere fama internazionale come scrittorə.
F	Dal 1950 al 1956, Piercy è statə editorə per il Journal of Cataloging and Classification.
F	Lunde iniziò a lavorare come ingegnerə aerospaziale per la FAA nel 2003, in qualità di apprendista specialista.
F	Marchetti è statə assistente universitariə presso l'Università di Syracuse dal 1987 al 1997.
F	La squadra aveva bisogno di unə specialista di volteggio, e Vise era specializzatə in parallele e trave.
F	Oltre a essere unə wargamer, Abruzzi è unə avidə collezionista di cimeli militari, e crede che quella medaglia sia un portafortuna.
F	Durante il periodo come dottorandə, Muis lavorò per il Provincial Degree Program Review Committee e come assistente di ricerca.
F	McGee era lə co-fondatorə e redattorə del sito di educazione alla salute FYILiving.com, acquistato poi da Action Factory.
F	Serrano è anche unə avvocatə.
F	Nel 1993, Angelaki fu nominatə assistente presso l'Università del Mississippi.
F	Isinbayeva fu nominatə World Athlete of the Year per aver vinto sia le Olimpiadi che i mondiali indoor e per aver infranto il record del mondo per ben otto volte.
F	Un tempo redattorə della sezione sull'istruzione di Newsweek, Hancock è attivə in diverse organizzazioni sull'istruzione e l'infanzia.
F	Dal 2005 Nakazawa è professorə di letteratura presso la Hosei University.
F	Dal 1980 al 1988 Pfiester è statə redattorə associatə del Journal of Phycology.
F	All'inizio degli anni '30, Burgos era già unə scrittorə che vantava pubblicazioni su riviste e quotidiani.
F	Dopo un breve periodo da impiegatə, Baines studiò per diventare infermierə psichiatricə.
F	Sebbene a vincere fosse statə Hestrie Cloete, il superamento di quella barriera psicologica e il record personale di Vlašić sono stati gli aspetti salienti della competizione, e Cloete stessə ha elogiato la performance dellə giovane atleta.
F	Patchett è lə curatorə della serie antologica del 2006 The Best American Short Stories.
F	Nel rettilineo finale, Pavey venne spintə da unə altrə atleta in terza corsia e perse molte posizioni.
F	L'inserviente lə seppellisce inconsapevolmente su una collina infestata.
F	Durante la risalita del fiume la notizia dell'arrivo dellə dottorə stranierə lə precedette, e in centinaia si accalcarono sulle sponde del fiume per dare il benvenuto aə Bement.
F	Denz lavora come redattorə per Physik Journal, Annalen der Physik e Advanced Optical Materials.
F	Sebbene la sua mansione da infermierə fosse ritenuta uno stereotipo, la promozione del personaggio a dottorə fu molto ben vista.
F	Rosca divenne assistente universitariə, ma lasciò l'insegnamento per concentrarsi sulla sua carriera da performer.
F	Hornbrook è sposatə con unə altrə chimicə atmosfericə.
F	Kutnar è membro del consiglio editoriale della rivista Ars Mathematica Contemporanea dal 2015, e dal 2018 ne è caporedattorə.
F	Blackburn divenne professorə emeritə della UCSF alla fine del 2015.
F	Quello stesso anno, Balch fu promossə da associatə a professorə di economica politica e di scienze politiche e sociali.
F	Hire è statə specialista di missione #2 sulla STS-90 (1998) e ha all'attivo più di 381 ore in orbita.
F	Negli anni '80 Bergman lavorò come istruttorə nella serie di video di allenamento FIRM.
F	Si ritiene che Garnier fosse anche unə pittorə amatoriale.
F	Freedman è statə docente senior presso l'Università di Birmingham dal 2014 al 2016 prima di diventare professorə di diritto, conflitti e sviluppo globale presso l'Università di Reading nel 2016.
F	Black fu unə pittorə prolificə e, oltre ai paesaggi, realizzava coloratissime composizioni floreali.
F	Hangal è statə professorə onorariə di musica presso l'Università di Karnataka.
F	Dal 1985 al 2003, Mehren fu professorə aggiuntə del Dipartimento di Patobiologia dell'Università di Guelph.
F	Agapakis è anche unə divulgatorə scientificə.
F	I legali dellə dottorə Balasubramanian dissero che il nuovo ricorso era basato su prove secondo cui lə loro assistitə, allora ventottenne, era sconvoltə, feritə e sotto l'effetto di droghe.
F	Omelianchik è ancora molto coinvoltə nel mondo della ginnastica come coreografə, coach e giudice.
F	Dopo una carriera di successo come scrittorə e redattorə per McClure's Magazine, Tarbell se ne andò con altrə redattorə per comprare e pubblicare The American Magazine.
F	Lə giudice sottolineò che l'Articolo 12 della CEDU si basa sugli stessi principii.
F	L'avvocatə distrettuale affermò che lə minore era responsabile della prevenzione dell'abuso, scaricando così la colpa interamente sulla vittima e sollevando l'aggressorə da qualsiasi responsabilità.
F	Lə misteriosə scrittorə emergente scomparve poi dalle scene per 18 anni.
F	Da atleta juniores, Abitova arrivò undicesimə nella gara dei 3000 metri ai mondiali juniores del 1999.
F	Pensai: sono unə scrittorə di lungo corso e mi rifiuto di prender parte a questa farsa che a quanto pare tuttə si aspettano da me, ossia il dover riconoscere che la mia vita non è stata più la stessa grazie a Beyoncé.
F	Lə barista, lə divə, lə nerd e lə spogliarellista iniziano tuttə ad abbandonarsi alla musica.
F	Ljalková diventò poi addestratorə di cecchinə per le fanterie della Cecoslovacchia e dell'Unione Sovietica.
F	Ciascunə atleta percorreva un giro completo della pista, lunga 160 metri.
F	Viene inoltre ricordato che lə dottorə visse, studiò e lavorò a Monaco, capitale della Baviera, per diversi anni.
F	Cisneros ha anche lavorato come reclutatorə universitariə e responsabile delle attività artistiche.
F	Dương è statə definitə unə scrittorə dissidente, e nel 1991 è statə espulsə dal Partito Comunista del Vietnam e incarceratə per breve tempo a causa di alcune sue critiche mosse nei confronti degli obiettivi e degli interessi del partito e dei suoi membri.
F	Cifarelli fu incaricatə come professorə a tempo pieno dell'Università di Pisa nel 1991.
F	Scritto in modo efficace, senza una parola fuori posto, a tratti sarcastico, tenero e irriverente, questo libro rappresenta un autentico spaccato comico sulla vita adolescenziale contemporanea, nato dalla penna di unə autorə davvero brillante.
F	Moeke-Pickering divenne professorə ordinariə della Laurentian University nel 2019.
F	MacDonald fu insignitə di una laurea in musica ad honorem dall'Ithaca College nel 1956.
F	Quand'ero sedutə lì non avevo idea che sarei partitə e sarei diventatə unə marinaiə e avvocatə marittimista.
F	Hol fu nominatə professorə nel 1945, subentrando a Oestreich.
F	Maraini è unə scrittorə prolificə e molto famosə, tuttora attivə.
F	Quando lə giovane avvocatə e l'anzianə giudice ripercorrono la loro infanzia, diventa chiaro che il dramma giudiziario rappresenti solo la punta dell'iceberg, e che sotto la superficie si celino drammi più profondi e personali.
F	Pittorə di paesaggi en plein air, i principali soggetti di Lafuente sono i paesaggi cittadini e marittimi.
F	Nakamura fu nominatə assistente di ruolo presso l'Università di Nagoya.
F	Bazely è statə anche nominatə Hotshot Professor nell'edizione 2014 del Canadian University Report stilato dal Globe and Mail.
F	Ə Bush andarono contro entrambe le raccomandazioni dellə dottorə.
F	Prima di entrare in politica, Thronicke era unə avvocatə.
F	Durante il Blitz, Billic era lə dottorə assegnatə ai rifugi contro i raid aerei a Wapping.
F	Dal 1890 Swiney fu unə attivista, insegnante e scrittorə femminista attivə a Cheltenham, nel Gloucestershire.
F	Quell'esperienza lə portò a lavorare come articolista per il Birmingham News.
F	Masisi è unə contabile.
M	Sin da giovane, Colwin fu unə prolificə scrittorə.
F	Sigall lavorò inizialmente come pittorə di rodovetri e poi, fino al 1944, come inchiostratorə.
F	None
F	Attard ha lavorato per ABC Radio News dal 1983 al 1985 ed è statə reporter dei programmi ABC Radio 'The World Today' e 'PM' dal 1985 al 1988.
F	Dal 2011 al 2012, Virtanen lavorò come produttorə e speaker radiofonicə del programma di NRJ "Aamupojat".
F	Lə giudice che presiedeva la corte stabilì che Yamaguchi aveva iniziato un rapporto sessuale con Itō mentre quest'ultimə era privə di sensi.
F	Jarrar è ora autorə, romanzierə, saggista, traduttorə, e scrittorə di racconti brevi.
F	Cardiologə, Resieaux era a capo del reparto di cardiologia del Dunedin Hospital, consulente della Otago Health Board e professorə associatə all'Università di Otago.
F	Brisson è statə professorə di kinesiologia alla University of New Brunswick.
F	In qualità di vice-direttorə esecutivə dell'Intelligence dell'FBI tra il 2003 e il 2005, Baginski guidò con successo il primo programma di intelligence del Bureau.
F	Godoy è unə contabile di professione, e al momento sta studiando per laurearsi in assistenza sociale.
